--------------------------------------------------------
-- Archivo creado  - jueves-octubre-28-2021   
--------------------------------------------------------
--------------------------------------------------------
--  DDL for Sequence INCCLIENTE
--------------------------------------------------------

   CREATE SEQUENCE  "USDEV"."INCCLIENTE"  MINVALUE 1 MAXVALUE 9999999999999999999999999999 INCREMENT BY 1 START WITH 121 CACHE 20 NOORDER  NOCYCLE ;
--------------------------------------------------------
--  DDL for Sequence INCPRODUCTO
--------------------------------------------------------

   CREATE SEQUENCE  "USDEV"."INCPRODUCTO"  MINVALUE 1 MAXVALUE 9999999999999999999999999999 INCREMENT BY 1 START WITH 21 CACHE 20 NOORDER  NOCYCLE ;
--------------------------------------------------------
--  DDL for Sequence INCVENDEDOR
--------------------------------------------------------

   CREATE SEQUENCE  "USDEV"."INCVENDEDOR"  MINVALUE 1 MAXVALUE 9999999999999999999999999999 INCREMENT BY 1 START WITH 21 CACHE 20 NOORDER  NOCYCLE ;
--------------------------------------------------------
--  DDL for Sequence INCVENTA
--------------------------------------------------------

   CREATE SEQUENCE  "USDEV"."INCVENTA"  MINVALUE 1 MAXVALUE 9999999999999999999999999999 INCREMENT BY 1 START WITH 21 CACHE 20 NOORDER  NOCYCLE ;
--------------------------------------------------------
--  DDL for Sequence INCVENTDET
--------------------------------------------------------

   CREATE SEQUENCE  "USDEV"."INCVENTDET"  MINVALUE 1 MAXVALUE 9999999999999999999999999999 INCREMENT BY 1 START WITH 21 CACHE 20 NOORDER  NOCYCLE ;
--------------------------------------------------------
--  DDL for Table CLIENTE
--------------------------------------------------------

  CREATE TABLE "USDEV"."CLIENTE" 
   (	"CODCLI" NUMBER, 
	"NOMCLI" VARCHAR2(60 BYTE), 
	"APECLI" VARCHAR2(80 BYTE), 
	"USERCLI" VARCHAR2(20 BYTE), 
	"PSWCLI" CHAR(15 BYTE), 
	"CELCLI" CHAR(9 BYTE), 
	"DNICLI" CHAR(8 BYTE), 
	"ESTCLI" CHAR(1 BYTE), 
	"MAILCLI" VARCHAR2(50 BYTE), 
	"DIRCLI" VARCHAR2(50 BYTE), 
	"CODUBI" CHAR(6 BYTE)
   ) SEGMENT CREATION IMMEDIATE 
  PCTFREE 10 PCTUSED 40 INITRANS 1 MAXTRANS 255 NOCOMPRESS LOGGING
  STORAGE(INITIAL 65536 NEXT 1048576 MINEXTENTS 1 MAXEXTENTS 2147483645
  PCTINCREASE 0 FREELISTS 1 FREELIST GROUPS 1 BUFFER_POOL DEFAULT FLASH_CACHE DEFAULT CELL_FLASH_CACHE DEFAULT)
  TABLESPACE "SERVISOFT" ;
--------------------------------------------------------
--  DDL for Table PRODUCTO
--------------------------------------------------------

  CREATE TABLE "USDEV"."PRODUCTO" 
   (	"CODPRO" NUMBER, 
	"NOMPRO" VARCHAR2(60 BYTE), 
	"COSPRO" CHAR(4 BYTE), 
	"PREPRO" NUMBER(5,2), 
	"TIPPRO" CHAR(1 BYTE), 
	"TAMPRO" CHAR(6 BYTE), 
	"STOCKPRO" NUMBER, 
	"ESTPRO" CHAR(1 BYTE)
   ) SEGMENT CREATION IMMEDIATE 
  PCTFREE 10 PCTUSED 40 INITRANS 1 MAXTRANS 255 NOCOMPRESS LOGGING
  STORAGE(INITIAL 65536 NEXT 1048576 MINEXTENTS 1 MAXEXTENTS 2147483645
  PCTINCREASE 0 FREELISTS 1 FREELIST GROUPS 1 BUFFER_POOL DEFAULT FLASH_CACHE DEFAULT CELL_FLASH_CACHE DEFAULT)
  TABLESPACE "SERVISOFT" ;
--------------------------------------------------------
--  DDL for Table UBIGEO
--------------------------------------------------------

  CREATE TABLE "USDEV"."UBIGEO" 
   (	"CODUBI" CHAR(6 BYTE), 
	"DEPUBI" VARCHAR2(90 BYTE), 
	"PROUBI" VARCHAR2(90 BYTE), 
	"DISUBI" VARCHAR2(90 BYTE)
   ) SEGMENT CREATION IMMEDIATE 
  PCTFREE 10 PCTUSED 40 INITRANS 1 MAXTRANS 255 NOCOMPRESS LOGGING
  STORAGE(INITIAL 65536 NEXT 1048576 MINEXTENTS 1 MAXEXTENTS 2147483645
  PCTINCREASE 0 FREELISTS 1 FREELIST GROUPS 1 BUFFER_POOL DEFAULT FLASH_CACHE DEFAULT CELL_FLASH_CACHE DEFAULT)
  TABLESPACE "SERVISOFT" ;
--------------------------------------------------------
--  DDL for Table VENDEDOR
--------------------------------------------------------

  CREATE TABLE "USDEV"."VENDEDOR" 
   (	"CODVEND" NUMBER, 
	"NOMVEND" VARCHAR2(60 BYTE), 
	"APEVEND" VARCHAR2(60 BYTE), 
	"CELVEND" CHAR(9 BYTE), 
	"USRVEND" VARCHAR2(15 BYTE), 
	"PSWVEND" CHAR(15 BYTE), 
	"DNIVEND" CHAR(8 BYTE), 
	"MAILVEND" VARCHAR2(70 BYTE), 
	"ESTVEND" CHAR(1 BYTE), 
	"DIRVEND" VARCHAR2(80 BYTE), 
	"CODUBI" CHAR(6 BYTE)
   ) SEGMENT CREATION IMMEDIATE 
  PCTFREE 10 PCTUSED 40 INITRANS 1 MAXTRANS 255 NOCOMPRESS LOGGING
  STORAGE(INITIAL 65536 NEXT 1048576 MINEXTENTS 1 MAXEXTENTS 2147483645
  PCTINCREASE 0 FREELISTS 1 FREELIST GROUPS 1 BUFFER_POOL DEFAULT FLASH_CACHE DEFAULT CELL_FLASH_CACHE DEFAULT)
  TABLESPACE "SERVISOFT" ;
--------------------------------------------------------
--  DDL for Table VENTA
--------------------------------------------------------

  CREATE TABLE "USDEV"."VENTA" 
   (	"CODVENT" NUMBER, 
	"FECVENT" DATE DEFAULT SYSDATE, 
	"TIPVENT" CHAR(1 BYTE), 
	"CODVEND" NUMBER, 
	"CODCLI" NUMBER
   ) SEGMENT CREATION IMMEDIATE 
  PCTFREE 10 PCTUSED 40 INITRANS 1 MAXTRANS 255 NOCOMPRESS LOGGING
  STORAGE(INITIAL 65536 NEXT 1048576 MINEXTENTS 1 MAXEXTENTS 2147483645
  PCTINCREASE 0 FREELISTS 1 FREELIST GROUPS 1 BUFFER_POOL DEFAULT FLASH_CACHE DEFAULT CELL_FLASH_CACHE DEFAULT)
  TABLESPACE "SERVISOFT" ;
--------------------------------------------------------
--  DDL for Table VENTA_DETALLE
--------------------------------------------------------

  CREATE TABLE "USDEV"."VENTA_DETALLE" 
   (	"CODVENTDET" NUMBER, 
	"CODVENT" NUMBER, 
	"CODPRO" NUMBER, 
	"CANTPROD" NUMBER
   ) SEGMENT CREATION IMMEDIATE 
  PCTFREE 10 PCTUSED 40 INITRANS 1 MAXTRANS 255 NOCOMPRESS LOGGING
  STORAGE(INITIAL 65536 NEXT 1048576 MINEXTENTS 1 MAXEXTENTS 2147483645
  PCTINCREASE 0 FREELISTS 1 FREELIST GROUPS 1 BUFFER_POOL DEFAULT FLASH_CACHE DEFAULT CELL_FLASH_CACHE DEFAULT)
  TABLESPACE "SERVISOFT" ;
--------------------------------------------------------
--  DDL for View VTIPPROD
--------------------------------------------------------

  CREATE OR REPLACE FORCE VIEW "USDEV"."VTIPPROD" ("NOMPRO", "COSPRO", "PREPRO", "TAMPRO", "ESTPRO") AS 
  SELECT 
        NOMPRO, 
        COSPRO, 
        PREPRO,
        TAMPRO,
        ESTPRO
    FROM PRODUCTO
;
REM INSERTING into USDEV.CLIENTE
SET DEFINE OFF;
Insert into USDEV.CLIENTE (CODCLI,NOMCLI,APECLI,USERCLI,PSWCLI,CELCLI,DNICLI,ESTCLI,MAILCLI,DIRCLI,CODUBI) values ('63','Luis Aquilino','Manzo Candela','lmanzo','vlerne01       ','992770000','15428960','A','lmanzo@vallegrande.edu.pe','Cañete','140416');
Insert into USDEV.CLIENTE (CODCLI,NOMCLI,APECLI,USERCLI,PSWCLI,CELCLI,DNICLI,ESTCLI,MAILCLI,DIRCLI,CODUBI) values ('64','Margarita Ysabel','Rodriguez Caceres','ysabelrodriguez','5fmilia        ','991692579','40462966','A','jcanales@vallegrande.edu.pe','Av. Miraflores','140416');
Insert into USDEV.CLIENTE (CODCLI,NOMCLI,APECLI,USERCLI,PSWCLI,CELCLI,DNICLI,ESTCLI,MAILCLI,DIRCLI,CODUBI) values ('65','Benito Jesus','Canales Guando','jescan','I(:V=NckU      ','991692579','40288433','A','jesuscanales@outlook.com','Av. Miraflores','140416');
Insert into USDEV.CLIENTE (CODCLI,NOMCLI,APECLI,USERCLI,PSWCLI,CELCLI,DNICLI,ESTCLI,MAILCLI,DIRCLI,CODUBI) values ('66','Oscar','Chumpitaz Manco','oscarchumpitaz','98/O_c@#       ','992564321','44258731','I','ochumpitaz@gmail.com','Jr. Huánuco','140409');
Insert into USDEV.CLIENTE (CODCLI,NOMCLI,APECLI,USERCLI,PSWCLI,CELCLI,DNICLI,ESTCLI,MAILCLI,DIRCLI,CODUBI) values ('67','Oscar','Chumpitaz Manco','oscarchumpitaz','9ñ/O_c@#      ','992564321','44258731','I','ochumpitaz@gmail.com','Jr. Huánuco','140409');
Insert into USDEV.CLIENTE (CODCLI,NOMCLI,APECLI,USERCLI,PSWCLI,CELCLI,DNICLI,ESTCLI,MAILCLI,DIRCLI,CODUBI) values ('69','José','Rodríguez Sánches','joserodriguez','holamundo      ','992292559','40288477','A','joserodriguez@gmail.com','Calle Las Orquideas','140416');
Insert into USDEV.CLIENTE (CODCLI,NOMCLI,APECLI,USERCLI,PSWCLI,CELCLI,DNICLI,ESTCLI,MAILCLI,DIRCLI,CODUBI) values ('71','Edwin','Gutiérrez Dávila','edwingutierrez','En~>uccW       ','984562147','43255411','A','egutierrez@outlook.com','Av. Angamos',null);
Insert into USDEV.CLIENTE (CODCLI,NOMCLI,APECLI,USERCLI,PSWCLI,CELCLI,DNICLI,ESTCLI,MAILCLI,DIRCLI,CODUBI) values ('72','Daniela','Román Palomino','danielaroman','1234567        ','995577551','71288477','A','danielaroman@gmail.com','Jr. Los Caimanes','140405');
Insert into USDEV.CLIENTE (CODCLI,NOMCLI,APECLI,USERCLI,PSWCLI,CELCLI,DNICLI,ESTCLI,MAILCLI,DIRCLI,CODUBI) values ('73','Alberto','Pérez Lombardi','albertoperez','7654321        ','992266123','77655471','A','albertoperez@gmail.com','Av. Las Palmas','140407');
Insert into USDEV.CLIENTE (CODCLI,NOMCLI,APECLI,USERCLI,PSWCLI,CELCLI,DNICLI,ESTCLI,MAILCLI,DIRCLI,CODUBI) values ('74','Fernando','Torres Aguilar','fernandotorres','fernando1234   ','996612355','40987477','A','fernandotorres@outlook.com','Av. Las Gardenias','140410');
Insert into USDEV.CLIENTE (CODCLI,NOMCLI,APECLI,USERCLI,PSWCLI,CELCLI,DNICLI,ESTCLI,MAILCLI,DIRCLI,CODUBI) values ('75','Pablo','Vásquez Mandela','pablovasquez','Pablo123       ','997755332','40338455','A','pvasquez@gmail.com','Jr. Las Bermudad','140404');
Insert into USDEV.CLIENTE (CODCLI,NOMCLI,APECLI,USERCLI,PSWCLI,CELCLI,DNICLI,ESTCLI,MAILCLI,DIRCLI,CODUBI) values ('76','Sofía','Rodríguez Guerra','sofiarodriguez','123Sofia       ','996758521','41518777','A','sofiarodriguez@gmail.com','Av. Comercio','140403');
Insert into USDEV.CLIENTE (CODCLI,NOMCLI,APECLI,USERCLI,PSWCLI,CELCLI,DNICLI,ESTCLI,MAILCLI,DIRCLI,CODUBI) values ('77','Enma','Mateo Rosas','emateo','951Mateo       ','986542233','43225555','A','emateo@outlook.com','Av. Miraflores','140408');
Insert into USDEV.CLIENTE (CODCLI,NOMCLI,APECLI,USERCLI,PSWCLI,CELCLI,DNICLI,ESTCLI,MAILCLI,DIRCLI,CODUBI) values ('78','Humberto','Farfán Cueva','humbertofarfan','951Humberto    ','999922771','41255466','I','humbertofarfan@gmail.com','Jr. Los Pandas','140407');
Insert into USDEV.CLIENTE (CODCLI,NOMCLI,APECLI,USERCLI,PSWCLI,CELCLI,DNICLI,ESTCLI,MAILCLI,DIRCLI,CODUBI) values ('79','Oscar','Chumpitaz Manco','oscarchumpitaz','987Oscar       ','992564321','44258731','I','ochumpitaz@gmail.com','Jr. Huánuco','140409');
Insert into USDEV.CLIENTE (CODCLI,NOMCLI,APECLI,USERCLI,PSWCLI,CELCLI,DNICLI,ESTCLI,MAILCLI,DIRCLI,CODUBI) values ('81','Fernando','Canales','Vladimir','Tinpu          ','994812538','73020976','A','fernando.canales@vallegrande.edu.pe','San Antonio - Mala, Av. Miraflores','140416');
Insert into USDEV.CLIENTE (CODCLI,NOMCLI,APECLI,USERCLI,PSWCLI,CELCLI,DNICLI,ESTCLI,MAILCLI,DIRCLI,CODUBI) values ('82','Fernando','Canales','ferC4n','C4R0           ','994812538','73020976','A','fernando.canales@vallegrande.edu.pe','San Antonio - Mala, Av. Miraflores','140416');
Insert into USDEV.CLIENTE (CODCLI,NOMCLI,APECLI,USERCLI,PSWCLI,CELCLI,DNICLI,ESTCLI,MAILCLI,DIRCLI,CODUBI) values ('83','Fernando','Canales','r0b4rtDJ','1n5v1t4bl3     ','994812538','73020976','A','fernandocanales554@gmail.com','San Antonio - Mala, Av. Miraflores','140416');
Insert into USDEV.CLIENTE (CODCLI,NOMCLI,APECLI,USERCLI,PSWCLI,CELCLI,DNICLI,ESTCLI,MAILCLI,DIRCLI,CODUBI) values ('84','Wilmer','Chuquispuma','wilm3r','pl0min3        ','994812538','73020976','A','wilmer.palomino@vallegrande.edu.pe','Lunahuaná','140416');
Insert into USDEV.CLIENTE (CODCLI,NOMCLI,APECLI,USERCLI,PSWCLI,CELCLI,DNICLI,ESTCLI,MAILCLI,DIRCLI,CODUBI) values ('85','Jesús','Guando','guan','pal0ch7        ','994812538','73020976','A','jcanales@vallegrande.edu.pe','San vicente','140416');
Insert into USDEV.CLIENTE (CODCLI,NOMCLI,APECLI,USERCLI,PSWCLI,CELCLI,DNICLI,ESTCLI,MAILCLI,DIRCLI,CODUBI) values ('86','Jesús Fernando','Canales rodríguez','fer254','dsfsdffd       ','65841258 ','73020976','A','fernando.canales@vallegrande.edu.pe','Av. Miraflores','140416');
Insert into USDEV.CLIENTE (CODCLI,NOMCLI,APECLI,USERCLI,PSWCLI,CELCLI,DNICLI,ESTCLI,MAILCLI,DIRCLI,CODUBI) values ('101','Victor','Joseph Florian','Josep','123456789      ','933495871','60323413','I','josep.florian@vallegrande.edu.pe','Jr. Miguel Grau 267','140416');
Insert into USDEV.CLIENTE (CODCLI,NOMCLI,APECLI,USERCLI,PSWCLI,CELCLI,DNICLI,ESTCLI,MAILCLI,DIRCLI,CODUBI) values ('102','Joseph','Joseph Florian','Josep','123456789      ','933495871','60323413','I','josep.florian@vallegrande.edu.pe','Jr. Miguel Grau 267','140416');
REM INSERTING into USDEV.PRODUCTO
SET DEFINE OFF;
Insert into USDEV.PRODUCTO (CODPRO,NOMPRO,COSPRO,PREPRO,TIPPRO,TAMPRO,STOCKPRO,ESTPRO) values ('1','Seco','2008','25','V','500 ML','100','A');
Insert into USDEV.PRODUCTO (CODPRO,NOMPRO,COSPRO,PREPRO,TIPPRO,TAMPRO,STOCKPRO,ESTPRO) values ('2','Tinto','2005','30','V','500 ML','120','A');
Insert into USDEV.PRODUCTO (CODPRO,NOMPRO,COSPRO,PREPRO,TIPPRO,TAMPRO,STOCKPRO,ESTPRO) values ('3','Italia','2007','40','V','500 ML','100','A');
Insert into USDEV.PRODUCTO (CODPRO,NOMPRO,COSPRO,PREPRO,TIPPRO,TAMPRO,STOCKPRO,ESTPRO) values ('4','Mosto Verde','2010','60','V','500 ML','150','A');
Insert into USDEV.PRODUCTO (CODPRO,NOMPRO,COSPRO,PREPRO,TIPPRO,TAMPRO,STOCKPRO,ESTPRO) values ('5','Manzanillo','2015','60','V','500 ML','150','A');
Insert into USDEV.PRODUCTO (CODPRO,NOMPRO,COSPRO,PREPRO,TIPPRO,TAMPRO,STOCKPRO,ESTPRO) values ('6','Arrope','2015','65','V','500 ML','150','A');
Insert into USDEV.PRODUCTO (CODPRO,NOMPRO,COSPRO,PREPRO,TIPPRO,TAMPRO,STOCKPRO,ESTPRO) values ('7','Borgoña Blanca','2015','85','V','500 ML','150','A');
Insert into USDEV.PRODUCTO (CODPRO,NOMPRO,COSPRO,PREPRO,TIPPRO,TAMPRO,STOCKPRO,ESTPRO) values ('8','Borgoña Negra','2018','80','V','500 ML','150','A');
Insert into USDEV.PRODUCTO (CODPRO,NOMPRO,COSPRO,PREPRO,TIPPRO,TAMPRO,STOCKPRO,ESTPRO) values ('9','Italia','2010','75','P','750 ML','145','A');
Insert into USDEV.PRODUCTO (CODPRO,NOMPRO,COSPRO,PREPRO,TIPPRO,TAMPRO,STOCKPRO,ESTPRO) values ('10','Moscatel','2012','85','P','750 ML','150','A');
Insert into USDEV.PRODUCTO (CODPRO,NOMPRO,COSPRO,PREPRO,TIPPRO,TAMPRO,STOCKPRO,ESTPRO) values ('11','Mosto Verde','2011','90','P','750 ML','150','A');
Insert into USDEV.PRODUCTO (CODPRO,NOMPRO,COSPRO,PREPRO,TIPPRO,TAMPRO,STOCKPRO,ESTPRO) values ('12','Acholado','2017','95','P','750 ML','160','A');
Insert into USDEV.PRODUCTO (CODPRO,NOMPRO,COSPRO,PREPRO,TIPPRO,TAMPRO,STOCKPRO,ESTPRO) values ('13','Tintado','2018','10','V','500 ML','10','A');
REM INSERTING into USDEV.UBIGEO
SET DEFINE OFF;
Insert into USDEV.UBIGEO (CODUBI,DEPUBI,PROUBI,DISUBI) values ('140403','Lima','Cañete','Cerro Azul');
Insert into USDEV.UBIGEO (CODUBI,DEPUBI,PROUBI,DISUBI) values ('140404','Lima','Cañete','Coayllo');
Insert into USDEV.UBIGEO (CODUBI,DEPUBI,PROUBI,DISUBI) values ('140405','Lima','Cañete','Chilca');
Insert into USDEV.UBIGEO (CODUBI,DEPUBI,PROUBI,DISUBI) values ('140406','Lima','Cañete','Imperial');
Insert into USDEV.UBIGEO (CODUBI,DEPUBI,PROUBI,DISUBI) values ('140407','Lima','Cañete','Lunahuaná');
Insert into USDEV.UBIGEO (CODUBI,DEPUBI,PROUBI,DISUBI) values ('140408','Lima','Cañete','Mala');
Insert into USDEV.UBIGEO (CODUBI,DEPUBI,PROUBI,DISUBI) values ('140409','Lima','Cañete','Nuevo Imperial');
Insert into USDEV.UBIGEO (CODUBI,DEPUBI,PROUBI,DISUBI) values ('140410','Lima','Cañete','Pacarán');
Insert into USDEV.UBIGEO (CODUBI,DEPUBI,PROUBI,DISUBI) values ('140411','Lima','Cañete','Quilmaná');
Insert into USDEV.UBIGEO (CODUBI,DEPUBI,PROUBI,DISUBI) values ('140412','Lima','Cañete','San Antonio');
Insert into USDEV.UBIGEO (CODUBI,DEPUBI,PROUBI,DISUBI) values ('140413','Lima','Cañete','San Luis');
Insert into USDEV.UBIGEO (CODUBI,DEPUBI,PROUBI,DISUBI) values ('140414','Lima','Cañete','Santa Cruz de Flores');
Insert into USDEV.UBIGEO (CODUBI,DEPUBI,PROUBI,DISUBI) values ('140415','Lima','Cañete','Zúñiga');
Insert into USDEV.UBIGEO (CODUBI,DEPUBI,PROUBI,DISUBI) values ('140416','Lima','Cañete','Asia');
REM INSERTING into USDEV.VENDEDOR
SET DEFINE OFF;
Insert into USDEV.VENDEDOR (CODVEND,NOMVEND,APEVEND,CELVEND,USRVEND,PSWVEND,DNIVEND,MAILVEND,ESTVEND,DIRVEND,CODUBI) values ('1','Manuel','Zapata Hernández','974815236','manuelzapata','zapata123      ','48160312','manuelzapata@outlook.com','A','Jr. Los Olivos','140405');
Insert into USDEV.VENDEDOR (CODVEND,NOMVEND,APEVEND,CELVEND,USRVEND,PSWVEND,DNIVEND,MAILVEND,ESTVEND,DIRVEND,CODUBI) values ('2','Liliana','Sánchez Luyo','994815222','lsanchez','sanchez123     ','45623571','lilianasanchez@outlook.com','A','Av. Abancay','140406');
Insert into USDEV.VENDEDOR (CODVEND,NOMVEND,APEVEND,CELVEND,USRVEND,PSWVEND,DNIVEND,MAILVEND,ESTVEND,DIRVEND,CODUBI) values ('3','Julian','Saman Gonzales','974555212','jsaman','saman123       ','74259147','jsaman@gmail.com','A','Calle Las Begonias','140409');
Insert into USDEV.VENDEDOR (CODVEND,NOMVEND,APEVEND,CELVEND,USRVEND,PSWVEND,DNIVEND,MAILVEND,ESTVEND,DIRVEND,CODUBI) values ('4','Gerardo','Quispe Barrios','979855213','gquispe','quispe123      ','40124578','gquispe@gmail.com','I','Av. Las Gaviotas','140404');
REM INSERTING into USDEV.VENTA
SET DEFINE OFF;
Insert into USDEV.VENTA (CODVENT,FECVENT,TIPVENT,CODVEND,CODCLI) values ('9',to_date('24/10/21','DD/MM/RR'),'D','1','63');
Insert into USDEV.VENTA (CODVENT,FECVENT,TIPVENT,CODVEND,CODCLI) values ('10',to_date('24/10/21','DD/MM/RR'),'D','1','64');
Insert into USDEV.VENTA (CODVENT,FECVENT,TIPVENT,CODVEND,CODCLI) values ('11',to_date('24/10/21','DD/MM/RR'),'D','2','65');
Insert into USDEV.VENTA (CODVENT,FECVENT,TIPVENT,CODVEND,CODCLI) values ('12',to_date('24/10/21','DD/MM/RR'),'D','2','66');
Insert into USDEV.VENTA (CODVENT,FECVENT,TIPVENT,CODVEND,CODCLI) values ('13',to_date('24/10/21','DD/MM/RR'),'D','3','67');
Insert into USDEV.VENTA (CODVENT,FECVENT,TIPVENT,CODVEND,CODCLI) values ('14',to_date('24/10/21','DD/MM/RR'),'E','3','69');
Insert into USDEV.VENTA (CODVENT,FECVENT,TIPVENT,CODVEND,CODCLI) values ('15',to_date('24/10/21','DD/MM/RR'),'E','3','71');
Insert into USDEV.VENTA (CODVENT,FECVENT,TIPVENT,CODVEND,CODCLI) values ('16',to_date('24/10/21','DD/MM/RR'),'E','4','72');
REM INSERTING into USDEV.VENTA_DETALLE
SET DEFINE OFF;
Insert into USDEV.VENTA_DETALLE (CODVENTDET,CODVENT,CODPRO,CANTPROD) values ('9','9','9','3');
Insert into USDEV.VENTA_DETALLE (CODVENTDET,CODVENT,CODPRO,CANTPROD) values ('10','9','10','5');
REM INSERTING into USDEV.VTIPPROD
SET DEFINE OFF;
Insert into USDEV.VTIPPROD (NOMPRO,COSPRO,PREPRO,TAMPRO,ESTPRO) values ('Seco','2008','25','500 ML','A');
Insert into USDEV.VTIPPROD (NOMPRO,COSPRO,PREPRO,TAMPRO,ESTPRO) values ('Tinto','2005','30','500 ML','A');
Insert into USDEV.VTIPPROD (NOMPRO,COSPRO,PREPRO,TAMPRO,ESTPRO) values ('Italia','2007','40','500 ML','A');
Insert into USDEV.VTIPPROD (NOMPRO,COSPRO,PREPRO,TAMPRO,ESTPRO) values ('Mosto Verde','2010','60','500 ML','A');
Insert into USDEV.VTIPPROD (NOMPRO,COSPRO,PREPRO,TAMPRO,ESTPRO) values ('Manzanillo','2015','60','500 ML','A');
Insert into USDEV.VTIPPROD (NOMPRO,COSPRO,PREPRO,TAMPRO,ESTPRO) values ('Arrope','2015','65','500 ML','A');
Insert into USDEV.VTIPPROD (NOMPRO,COSPRO,PREPRO,TAMPRO,ESTPRO) values ('Borgoña Blanca','2015','85','500 ML','A');
Insert into USDEV.VTIPPROD (NOMPRO,COSPRO,PREPRO,TAMPRO,ESTPRO) values ('Borgoña Negra','2018','80','500 ML','A');
Insert into USDEV.VTIPPROD (NOMPRO,COSPRO,PREPRO,TAMPRO,ESTPRO) values ('Italia','2010','75','750 ML','A');
Insert into USDEV.VTIPPROD (NOMPRO,COSPRO,PREPRO,TAMPRO,ESTPRO) values ('Moscatel','2012','85','750 ML','A');
Insert into USDEV.VTIPPROD (NOMPRO,COSPRO,PREPRO,TAMPRO,ESTPRO) values ('Mosto Verde','2011','90','750 ML','A');
Insert into USDEV.VTIPPROD (NOMPRO,COSPRO,PREPRO,TAMPRO,ESTPRO) values ('Acholado','2017','95','750 ML','A');
Insert into USDEV.VTIPPROD (NOMPRO,COSPRO,PREPRO,TAMPRO,ESTPRO) values ('Tintado','2018','10','500 ML','A');
--------------------------------------------------------
--  DDL for Index PK_CODCLI
--------------------------------------------------------

  CREATE UNIQUE INDEX "USDEV"."PK_CODCLI" ON "USDEV"."CLIENTE" ("CODCLI") 
  PCTFREE 10 INITRANS 2 MAXTRANS 255 COMPUTE STATISTICS 
  STORAGE(INITIAL 65536 NEXT 1048576 MINEXTENTS 1 MAXEXTENTS 2147483645
  PCTINCREASE 0 FREELISTS 1 FREELIST GROUPS 1 BUFFER_POOL DEFAULT FLASH_CACHE DEFAULT CELL_FLASH_CACHE DEFAULT)
  TABLESPACE "SERVISOFT" ;
--------------------------------------------------------
--  DDL for Index PK_CODPRO
--------------------------------------------------------

  CREATE UNIQUE INDEX "USDEV"."PK_CODPRO" ON "USDEV"."PRODUCTO" ("CODPRO") 
  PCTFREE 10 INITRANS 2 MAXTRANS 255 COMPUTE STATISTICS 
  STORAGE(INITIAL 65536 NEXT 1048576 MINEXTENTS 1 MAXEXTENTS 2147483645
  PCTINCREASE 0 FREELISTS 1 FREELIST GROUPS 1 BUFFER_POOL DEFAULT FLASH_CACHE DEFAULT CELL_FLASH_CACHE DEFAULT)
  TABLESPACE "SERVISOFT" ;
--------------------------------------------------------
--  DDL for Index PK_CODUBI
--------------------------------------------------------

  CREATE UNIQUE INDEX "USDEV"."PK_CODUBI" ON "USDEV"."UBIGEO" ("CODUBI") 
  PCTFREE 10 INITRANS 2 MAXTRANS 255 COMPUTE STATISTICS 
  STORAGE(INITIAL 65536 NEXT 1048576 MINEXTENTS 1 MAXEXTENTS 2147483645
  PCTINCREASE 0 FREELISTS 1 FREELIST GROUPS 1 BUFFER_POOL DEFAULT FLASH_CACHE DEFAULT CELL_FLASH_CACHE DEFAULT)
  TABLESPACE "SERVISOFT" ;
--------------------------------------------------------
--  DDL for Index PK_CODVEND
--------------------------------------------------------

  CREATE UNIQUE INDEX "USDEV"."PK_CODVEND" ON "USDEV"."VENDEDOR" ("CODVEND") 
  PCTFREE 10 INITRANS 2 MAXTRANS 255 COMPUTE STATISTICS 
  STORAGE(INITIAL 65536 NEXT 1048576 MINEXTENTS 1 MAXEXTENTS 2147483645
  PCTINCREASE 0 FREELISTS 1 FREELIST GROUPS 1 BUFFER_POOL DEFAULT FLASH_CACHE DEFAULT CELL_FLASH_CACHE DEFAULT)
  TABLESPACE "SERVISOFT" ;
--------------------------------------------------------
--  DDL for Index PK_CODVENT
--------------------------------------------------------

  CREATE UNIQUE INDEX "USDEV"."PK_CODVENT" ON "USDEV"."VENTA" ("CODVENT") 
  PCTFREE 10 INITRANS 2 MAXTRANS 255 COMPUTE STATISTICS 
  STORAGE(INITIAL 65536 NEXT 1048576 MINEXTENTS 1 MAXEXTENTS 2147483645
  PCTINCREASE 0 FREELISTS 1 FREELIST GROUPS 1 BUFFER_POOL DEFAULT FLASH_CACHE DEFAULT CELL_FLASH_CACHE DEFAULT)
  TABLESPACE "SERVISOFT" ;
--------------------------------------------------------
--  DDL for Index PK_CODVENTDET
--------------------------------------------------------

  CREATE UNIQUE INDEX "USDEV"."PK_CODVENTDET" ON "USDEV"."VENTA_DETALLE" ("CODVENTDET") 
  PCTFREE 10 INITRANS 2 MAXTRANS 255 COMPUTE STATISTICS 
  STORAGE(INITIAL 65536 NEXT 1048576 MINEXTENTS 1 MAXEXTENTS 2147483645
  PCTINCREASE 0 FREELISTS 1 FREELIST GROUPS 1 BUFFER_POOL DEFAULT FLASH_CACHE DEFAULT CELL_FLASH_CACHE DEFAULT)
  TABLESPACE "SERVISOFT" ;
--------------------------------------------------------
--  DDL for Index PK_CODCLI
--------------------------------------------------------

  CREATE UNIQUE INDEX "USDEV"."PK_CODCLI" ON "USDEV"."CLIENTE" ("CODCLI") 
  PCTFREE 10 INITRANS 2 MAXTRANS 255 COMPUTE STATISTICS 
  STORAGE(INITIAL 65536 NEXT 1048576 MINEXTENTS 1 MAXEXTENTS 2147483645
  PCTINCREASE 0 FREELISTS 1 FREELIST GROUPS 1 BUFFER_POOL DEFAULT FLASH_CACHE DEFAULT CELL_FLASH_CACHE DEFAULT)
  TABLESPACE "SERVISOFT" ;
--------------------------------------------------------
--  DDL for Index PK_CODPRO
--------------------------------------------------------

  CREATE UNIQUE INDEX "USDEV"."PK_CODPRO" ON "USDEV"."PRODUCTO" ("CODPRO") 
  PCTFREE 10 INITRANS 2 MAXTRANS 255 COMPUTE STATISTICS 
  STORAGE(INITIAL 65536 NEXT 1048576 MINEXTENTS 1 MAXEXTENTS 2147483645
  PCTINCREASE 0 FREELISTS 1 FREELIST GROUPS 1 BUFFER_POOL DEFAULT FLASH_CACHE DEFAULT CELL_FLASH_CACHE DEFAULT)
  TABLESPACE "SERVISOFT" ;
--------------------------------------------------------
--  DDL for Index PK_CODUBI
--------------------------------------------------------

  CREATE UNIQUE INDEX "USDEV"."PK_CODUBI" ON "USDEV"."UBIGEO" ("CODUBI") 
  PCTFREE 10 INITRANS 2 MAXTRANS 255 COMPUTE STATISTICS 
  STORAGE(INITIAL 65536 NEXT 1048576 MINEXTENTS 1 MAXEXTENTS 2147483645
  PCTINCREASE 0 FREELISTS 1 FREELIST GROUPS 1 BUFFER_POOL DEFAULT FLASH_CACHE DEFAULT CELL_FLASH_CACHE DEFAULT)
  TABLESPACE "SERVISOFT" ;
--------------------------------------------------------
--  DDL for Index PK_CODVEND
--------------------------------------------------------

  CREATE UNIQUE INDEX "USDEV"."PK_CODVEND" ON "USDEV"."VENDEDOR" ("CODVEND") 
  PCTFREE 10 INITRANS 2 MAXTRANS 255 COMPUTE STATISTICS 
  STORAGE(INITIAL 65536 NEXT 1048576 MINEXTENTS 1 MAXEXTENTS 2147483645
  PCTINCREASE 0 FREELISTS 1 FREELIST GROUPS 1 BUFFER_POOL DEFAULT FLASH_CACHE DEFAULT CELL_FLASH_CACHE DEFAULT)
  TABLESPACE "SERVISOFT" ;
--------------------------------------------------------
--  DDL for Index PK_CODVENT
--------------------------------------------------------

  CREATE UNIQUE INDEX "USDEV"."PK_CODVENT" ON "USDEV"."VENTA" ("CODVENT") 
  PCTFREE 10 INITRANS 2 MAXTRANS 255 COMPUTE STATISTICS 
  STORAGE(INITIAL 65536 NEXT 1048576 MINEXTENTS 1 MAXEXTENTS 2147483645
  PCTINCREASE 0 FREELISTS 1 FREELIST GROUPS 1 BUFFER_POOL DEFAULT FLASH_CACHE DEFAULT CELL_FLASH_CACHE DEFAULT)
  TABLESPACE "SERVISOFT" ;
--------------------------------------------------------
--  DDL for Index PK_CODVENTDET
--------------------------------------------------------

  CREATE UNIQUE INDEX "USDEV"."PK_CODVENTDET" ON "USDEV"."VENTA_DETALLE" ("CODVENTDET") 
  PCTFREE 10 INITRANS 2 MAXTRANS 255 COMPUTE STATISTICS 
  STORAGE(INITIAL 65536 NEXT 1048576 MINEXTENTS 1 MAXEXTENTS 2147483645
  PCTINCREASE 0 FREELISTS 1 FREELIST GROUPS 1 BUFFER_POOL DEFAULT FLASH_CACHE DEFAULT CELL_FLASH_CACHE DEFAULT)
  TABLESPACE "SERVISOFT" ;
--------------------------------------------------------
--  DDL for Trigger TRG_CLIENTE
--------------------------------------------------------

  CREATE OR REPLACE TRIGGER "USDEV"."TRG_CLIENTE" 
BEFORE INSERT ON CLIENTE
FOR EACH ROW
BEGIN
    SELECT INCCLIENTE.NEXTVAL INTO :NEW.CODCLI FROM DUAL;
END;
/
ALTER TRIGGER "USDEV"."TRG_CLIENTE" ENABLE;
--------------------------------------------------------
--  DDL for Trigger TRG_PRODUCTO
--------------------------------------------------------

  CREATE OR REPLACE TRIGGER "USDEV"."TRG_PRODUCTO" 
BEFORE INSERT ON PRODUCTO
FOR EACH ROW
BEGIN
    SELECT INCPRODUCTO.NEXTVAL INTO :NEW.CODPRO FROM DUAL;
END;
/
ALTER TRIGGER "USDEV"."TRG_PRODUCTO" ENABLE;
--------------------------------------------------------
--  DDL for Trigger TRG_VENDEDOR
--------------------------------------------------------

  CREATE OR REPLACE TRIGGER "USDEV"."TRG_VENDEDOR" 
BEFORE INSERT ON VENDEDOR
FOR EACH ROW
BEGIN
    SELECT INCVENDEDOR.NEXTVAL INTO :NEW.CODVEND FROM DUAL;
END;
/
ALTER TRIGGER "USDEV"."TRG_VENDEDOR" ENABLE;
--------------------------------------------------------
--  DDL for Trigger TRG_VENTA
--------------------------------------------------------

  CREATE OR REPLACE TRIGGER "USDEV"."TRG_VENTA" 
BEFORE INSERT ON VENTA
FOR EACH ROW
BEGIN
    SELECT INCVENTA.NEXTVAL INTO :NEW.CODVENT FROM DUAL;
END;
/
ALTER TRIGGER "USDEV"."TRG_VENTA" ENABLE;
--------------------------------------------------------
--  DDL for Trigger TRG_VENTDET
--------------------------------------------------------

  CREATE OR REPLACE TRIGGER "USDEV"."TRG_VENTDET" 
BEFORE INSERT ON VENTA_DETALLE
FOR EACH ROW
BEGIN
    SELECT INCVENTDET.NEXTVAL INTO :NEW.CODVENTDET FROM DUAL;
END;
/
ALTER TRIGGER "USDEV"."TRG_VENTDET" ENABLE;
--------------------------------------------------------
--  DDL for Trigger TRG_CLIENTE
--------------------------------------------------------

  CREATE OR REPLACE TRIGGER "USDEV"."TRG_CLIENTE" 
BEFORE INSERT ON CLIENTE
FOR EACH ROW
BEGIN
    SELECT INCCLIENTE.NEXTVAL INTO :NEW.CODCLI FROM DUAL;
END;
/
ALTER TRIGGER "USDEV"."TRG_CLIENTE" ENABLE;
--------------------------------------------------------
--  DDL for Trigger TRG_PRODUCTO
--------------------------------------------------------

  CREATE OR REPLACE TRIGGER "USDEV"."TRG_PRODUCTO" 
BEFORE INSERT ON PRODUCTO
FOR EACH ROW
BEGIN
    SELECT INCPRODUCTO.NEXTVAL INTO :NEW.CODPRO FROM DUAL;
END;
/
ALTER TRIGGER "USDEV"."TRG_PRODUCTO" ENABLE;
--------------------------------------------------------
--  DDL for Trigger TRG_VENDEDOR
--------------------------------------------------------

  CREATE OR REPLACE TRIGGER "USDEV"."TRG_VENDEDOR" 
BEFORE INSERT ON VENDEDOR
FOR EACH ROW
BEGIN
    SELECT INCVENDEDOR.NEXTVAL INTO :NEW.CODVEND FROM DUAL;
END;
/
ALTER TRIGGER "USDEV"."TRG_VENDEDOR" ENABLE;
--------------------------------------------------------
--  DDL for Trigger TRG_VENTA
--------------------------------------------------------

  CREATE OR REPLACE TRIGGER "USDEV"."TRG_VENTA" 
BEFORE INSERT ON VENTA
FOR EACH ROW
BEGIN
    SELECT INCVENTA.NEXTVAL INTO :NEW.CODVENT FROM DUAL;
END;
/
ALTER TRIGGER "USDEV"."TRG_VENTA" ENABLE;
--------------------------------------------------------
--  DDL for Trigger TRG_VENTDET
--------------------------------------------------------

  CREATE OR REPLACE TRIGGER "USDEV"."TRG_VENTDET" 
BEFORE INSERT ON VENTA_DETALLE
FOR EACH ROW
BEGIN
    SELECT INCVENTDET.NEXTVAL INTO :NEW.CODVENTDET FROM DUAL;
END;
/
ALTER TRIGGER "USDEV"."TRG_VENTDET" ENABLE;
--------------------------------------------------------
--  Constraints for Table CLIENTE
--------------------------------------------------------

  ALTER TABLE "USDEV"."CLIENTE" ADD CONSTRAINT "PK_CODCLI" PRIMARY KEY ("CODCLI")
  USING INDEX PCTFREE 10 INITRANS 2 MAXTRANS 255 COMPUTE STATISTICS 
  STORAGE(INITIAL 65536 NEXT 1048576 MINEXTENTS 1 MAXEXTENTS 2147483645
  PCTINCREASE 0 FREELISTS 1 FREELIST GROUPS 1 BUFFER_POOL DEFAULT FLASH_CACHE DEFAULT CELL_FLASH_CACHE DEFAULT)
  TABLESPACE "SERVISOFT"  ENABLE;
  ALTER TABLE "USDEV"."CLIENTE" MODIFY ("CODCLI" NOT NULL ENABLE);
--------------------------------------------------------
--  Constraints for Table PRODUCTO
--------------------------------------------------------

  ALTER TABLE "USDEV"."PRODUCTO" ADD CONSTRAINT "PK_CODPRO" PRIMARY KEY ("CODPRO")
  USING INDEX PCTFREE 10 INITRANS 2 MAXTRANS 255 COMPUTE STATISTICS 
  STORAGE(INITIAL 65536 NEXT 1048576 MINEXTENTS 1 MAXEXTENTS 2147483645
  PCTINCREASE 0 FREELISTS 1 FREELIST GROUPS 1 BUFFER_POOL DEFAULT FLASH_CACHE DEFAULT CELL_FLASH_CACHE DEFAULT)
  TABLESPACE "SERVISOFT"  ENABLE;
  ALTER TABLE "USDEV"."PRODUCTO" MODIFY ("CODPRO" NOT NULL ENABLE);
--------------------------------------------------------
--  Constraints for Table UBIGEO
--------------------------------------------------------

  ALTER TABLE "USDEV"."UBIGEO" ADD CONSTRAINT "PK_CODUBI" PRIMARY KEY ("CODUBI")
  USING INDEX PCTFREE 10 INITRANS 2 MAXTRANS 255 COMPUTE STATISTICS 
  STORAGE(INITIAL 65536 NEXT 1048576 MINEXTENTS 1 MAXEXTENTS 2147483645
  PCTINCREASE 0 FREELISTS 1 FREELIST GROUPS 1 BUFFER_POOL DEFAULT FLASH_CACHE DEFAULT CELL_FLASH_CACHE DEFAULT)
  TABLESPACE "SERVISOFT"  ENABLE;
  ALTER TABLE "USDEV"."UBIGEO" MODIFY ("CODUBI" NOT NULL ENABLE);
--------------------------------------------------------
--  Constraints for Table VENDEDOR
--------------------------------------------------------

  ALTER TABLE "USDEV"."VENDEDOR" ADD CONSTRAINT "PK_CODVEND" PRIMARY KEY ("CODVEND")
  USING INDEX PCTFREE 10 INITRANS 2 MAXTRANS 255 COMPUTE STATISTICS 
  STORAGE(INITIAL 65536 NEXT 1048576 MINEXTENTS 1 MAXEXTENTS 2147483645
  PCTINCREASE 0 FREELISTS 1 FREELIST GROUPS 1 BUFFER_POOL DEFAULT FLASH_CACHE DEFAULT CELL_FLASH_CACHE DEFAULT)
  TABLESPACE "SERVISOFT"  ENABLE;
  ALTER TABLE "USDEV"."VENDEDOR" MODIFY ("CODVEND" NOT NULL ENABLE);
--------------------------------------------------------
--  Constraints for Table VENTA
--------------------------------------------------------

  ALTER TABLE "USDEV"."VENTA" ADD CONSTRAINT "PK_CODVENT" PRIMARY KEY ("CODVENT")
  USING INDEX PCTFREE 10 INITRANS 2 MAXTRANS 255 COMPUTE STATISTICS 
  STORAGE(INITIAL 65536 NEXT 1048576 MINEXTENTS 1 MAXEXTENTS 2147483645
  PCTINCREASE 0 FREELISTS 1 FREELIST GROUPS 1 BUFFER_POOL DEFAULT FLASH_CACHE DEFAULT CELL_FLASH_CACHE DEFAULT)
  TABLESPACE "SERVISOFT"  ENABLE;
  ALTER TABLE "USDEV"."VENTA" MODIFY ("CODVENT" NOT NULL ENABLE);
--------------------------------------------------------
--  Constraints for Table VENTA_DETALLE
--------------------------------------------------------

  ALTER TABLE "USDEV"."VENTA_DETALLE" ADD CONSTRAINT "PK_CODVENTDET" PRIMARY KEY ("CODVENTDET")
  USING INDEX PCTFREE 10 INITRANS 2 MAXTRANS 255 COMPUTE STATISTICS 
  STORAGE(INITIAL 65536 NEXT 1048576 MINEXTENTS 1 MAXEXTENTS 2147483645
  PCTINCREASE 0 FREELISTS 1 FREELIST GROUPS 1 BUFFER_POOL DEFAULT FLASH_CACHE DEFAULT CELL_FLASH_CACHE DEFAULT)
  TABLESPACE "SERVISOFT"  ENABLE;
  ALTER TABLE "USDEV"."VENTA_DETALLE" MODIFY ("CODVENTDET" NOT NULL ENABLE);
--------------------------------------------------------
--  Ref Constraints for Table CLIENTE
--------------------------------------------------------

  ALTER TABLE "USDEV"."CLIENTE" ADD FOREIGN KEY ("CODUBI")
	  REFERENCES "USDEV"."UBIGEO" ("CODUBI") ENABLE;
--------------------------------------------------------
--  Ref Constraints for Table VENDEDOR
--------------------------------------------------------

  ALTER TABLE "USDEV"."VENDEDOR" ADD FOREIGN KEY ("CODUBI")
	  REFERENCES "USDEV"."UBIGEO" ("CODUBI") ENABLE;
--------------------------------------------------------
--  Ref Constraints for Table VENTA
--------------------------------------------------------

  ALTER TABLE "USDEV"."VENTA" ADD FOREIGN KEY ("CODCLI")
	  REFERENCES "USDEV"."CLIENTE" ("CODCLI") ENABLE;
  ALTER TABLE "USDEV"."VENTA" ADD FOREIGN KEY ("CODVEND")
	  REFERENCES "USDEV"."VENDEDOR" ("CODVEND") ENABLE;
--------------------------------------------------------
--  Ref Constraints for Table VENTA_DETALLE
--------------------------------------------------------

  ALTER TABLE "USDEV"."VENTA_DETALLE" ADD FOREIGN KEY ("CODPRO")
	  REFERENCES "USDEV"."PRODUCTO" ("CODPRO") ENABLE;
  ALTER TABLE "USDEV"."VENTA_DETALLE" ADD FOREIGN KEY ("CODVENT")
	  REFERENCES "USDEV"."VENTA" ("CODVENT") ENABLE;
